{
  "LinearRegression": {
    "best_threshold": -0.26,
    "best_f1": 0.5932721712538226
  },
  "RandomForest": {
    "best_params": {
      "n_estimators": 100,
      "max_depth": 15,
      "min_samples_split": 2
    },
    "best_threshold": -0.42,
    "best_f1": 0.5899705014749262
  },
  "XGBoost": {
    "best_params": {
      "n_estimators": 100,
      "learning_rate": 0.1,
      "max_depth": 8,
      "gamma": 0.5
    },
    "best_threshold": -0.21999999999999997,
    "best_f1": 0.5993690851735016
  },
  "LSTM": {
    "best_params": {
      "units1": 32,
      "units2": 32,
      "dropout": 0.3,
      "learning_rate": 0.005,
      "batch_size": 32,
      "loss": "mse",
      "epochs": 50
    },
    "best_threshold": 0.018408028036355974,
    "best_f1": 0.6030534351145038
  }
}