model,rmse,mae,accuracy,f1,precision,recall
LSTM,0.7740407267731747,0.585610484128903,0.505720823798627,0.5283842794759825,0.5707547169811321,0.491869918699187
RandomForest,1.148387818763417,0.9499790365792551,0.45308924485125857,0.2865671641791045,0.5393258426966292,0.1951219512195122
LinearRegression,1.1570810554607358,0.8962801118032461,0.43249427917620137,0.45132743362831856,0.49514563106796117,0.4146341463414634
XGBoost,1.2329617024893476,1.011231193382681,0.4691075514874142,0.3176470588235294,0.574468085106383,0.21951219512195122
