model,rmse,mae,accuracy,f1,precision,recall
LSTM,0.7740006878884106,0.5857527341171579,0.5102974828375286,0.5446808510638298,0.5714285714285714,0.5203252032520326
LinearRegression,1.1570810554607358,0.8962801118032461,0.4279176201372998,0.10071942446043165,0.4375,0.056910569105691054
RandomForest,1.190279939263906,0.9862222269373615,0.459954233409611,0.2891566265060241,0.5581395348837209,0.1951219512195122
XGBoost,1.1948806476558556,0.9722947019036442,0.494279176201373,0.4010840108401084,0.6016260162601627,0.3008130081300813
