model,rmse,mae,accuracy,f1
LSTM,0.7761147818654683,0.5886475492062614,0.4691075514874142,0.3829787234042553
XGBoost,1.1774242499258227,0.9599125005185708,0.43707093821510296,0.22641509433962265
LinearRegression,1.1867586642859136,1.0073508301668475,0.425629290617849,0.023346303501945526
RandomForest,1.2000584233892535,0.9951699841514352,0.459954233409611,0.32571428571428573
